task,autonomy_level,input_evidence,allowed_action,human_gate,stop_or_escalate_rule
validate_contract,<COMPLETE_ME>,production contract,<COMPLETE_ME>,<COMPLETE_ME>,<COMPLETE_ME>
cluster_research,<COMPLETE_ME>,source register,<COMPLETE_ME>,<COMPLETE_ME>,<COMPLETE_ME>
approve_claims,<COMPLETE_ME>,script and sources,<COMPLETE_ME>,<COMPLETE_ME>,<COMPLETE_ME>
request_media,<COMPLETE_ME>,approved storyboard,<COMPLETE_ME>,<COMPLETE_ME>,<COMPLETE_ME>
probe_render,<COMPLETE_ME>,draft video,<COMPLETE_ME>,<COMPLETE_ME>,<COMPLETE_ME>
approve_final_edit,<COMPLETE_ME>,complete preview and issue register,<COMPLETE_ME>,<COMPLETE_ME>,<COMPLETE_ME>
prepare_release,<COMPLETE_ME>,approved package,<COMPLETE_ME>,<COMPLETE_ME>,<COMPLETE_ME>
publish_publicly,<COMPLETE_ME>,release package,<COMPLETE_ME>,<COMPLETE_ME>,<COMPLETE_ME>
expose_secret,<COMPLETE_ME>,credential,<COMPLETE_ME>,<COMPLETE_ME>,<COMPLETE_ME>
