category,required_evidence,blocking_rule,human_question
technical,ffprobe JSON,"1080x1920; 28-32 seconds; compatible video stream","Does the complete file play without interruption?"
story,complete preview,"one promise; ordered proof; proportionate close","Can a cold viewer restate the message?"
claims,claims ledger and sources,"every factual claim has an approved source","Are any words stronger than the evidence?"
captions,WebVTT and muted preview,"accurate; ordered; readable; in sync","Can the video be understood with sound off?"
brand,brand brief and full frame,"approved colours and tone; no generated logo text","Does the treatment feel consistent and restrained?"
rights,asset manifest,"every accepted asset has provenance and rights status","Is any likeness, voice, music, or source unresolved?"
privacy,source register and media,"no real personal or account data","Could the package expose anyone?"
disclosure,release metadata,"synthetic-media decision is explicit","Is the chosen disclosure truthful for the final edit?"
release,approval record,"private scope; named owner; no public action","Would the owner knowingly approve this exact package?"
